{"cameraMode":{"drawMode":0,"name":"Shaded","section":"Shading Mode"},"sceneLighting":true,"audioPlay":false,"sceneViewState":{"showFog":true,"showMaterialUpdate":true,"showSkybox":true,"showFlares":true,"showImageEffects":true,"showParticleSystems":true},"in2DMode":false,"pivot":{"x":101.48055267333985,"y":147.21707153320313,"z":129.14373779296876},"rotation":{"x":0.10273481160402298,"y":-0.07364660501480103,"z":-0.00763523718342185,"w":-0.9919710755348206},"size":224.69601440429688,"orthographic":false}