{"cameraMode":{"drawMode":0,"name":"Shaded","section":"Shading Mode"},"sceneLighting":true,"audioPlay":false,"sceneViewState":{"showFog":true,"showMaterialUpdate":true,"showSkybox":true,"showFlares":true,"showImageEffects":true,"showParticleSystems":true},"in2DMode":false,"pivot":{"x":-10.899999618530274,"y":15.470000267028809,"z":113.49999237060547},"rotation":{"x":0.1169157400727272,"y":-0.04497566446661949,"z":0.0052827103063464169,"w":0.9921327233314514},"size":21.825925827026368,"orthographic":false}