{"cameraMode":{"drawMode":0,"name":"Shaded","section":"Shading Mode"},"sceneLighting":true,"audioPlay":false,"sceneViewState":{"showFog":true,"showMaterialUpdate":true,"showSkybox":true,"showFlares":true,"showImageEffects":true,"showParticleSystems":true},"in2DMode":false,"pivot":{"x":34.829566955566409,"y":24.982450485229493,"z":114.82861328125},"rotation":{"x":-0.020830467343330385,"y":-0.12503954768180848,"z":0.0026621720753610136,"w":-0.991955041885376},"size":32.13579177856445,"orthographic":false}